ISBN,ISBN_true,Book_Title,Book_Author,Year_Of_Publication,Publisher,,,,,,,,,,,,,,,
B000051ZUO,9780671240184,Triangle,Sondra Marshak,1977,Pocket Books,,,,,,,,,,,,,,,
B0000523SY,9780671741445,"Strike Zone (Star Trek: The Next Generation, Book 5) [DOWNLOAD: MICROSOFT READER]",Peter David,1992,Pocket Books,,,,,,,,,,,,,,,
B00005N5J6,9780446518694,Dinosaur Summer,Greg Bear,1998,Warner Books,,,,,,,,,,,,,,,
B00005NCS7,9780684810402,Moonlight Becomes You,Mary Higgins Clark,1996,Simon &amp; Schuster,,,,,,,,,,,,,,,
B000068RVK,9780743223309,The Victoria's Secret Catalog Never Stops Coming: And Other Lessons I Learned From Breast Cancer,Jennie Nash,2001,Scribner,,,,,,,,,,,,,,,
B00006I4OX,9780399501487,Lord of the Flies,William Golding,1954,Penguin Putnam,,,,,,,,,,,,,,,
B00007CWQC,9780399146114,The Villa,Nora Roberts,2001,Putnam Pub Group,,,,,,,,,,,,,,,
B00009EF82,9780385299299,Hannibal,Thomas Harris,1999,Delacorte Press,,,,,,,,,,,,,,,
B00009NDAN,9780312244262,Winter Solstice,Rosamunde Pilcher,2000,St. Martin's Press,,,,,,,,,,,,,,,
B0000A2U93,9780486223399,Carmilla,Joseph Sheridan Le Fanu,1872,Soft Editions Ltd,,,,,,,,,,,,,,,
B0000DYXID,9780385416047,A Kid's Guide To How to Save the Planet,Billy Goodman,1990,"iBooks, Inc.",,,,,,,,,,,,,,,
B0000X8HIE,9780345286422,THE FIRST TARZAN OMNIBUS: Tarzan of the Apes; The Return of Tarzan; Jungle Tales of Tarzan,Edgar Rice Burroughs,1976,PageTurner,,,,,,,,,,,,,,,
B00013AWVI,9780525939214,Two or Three Things I Know for Sure,Dorothy Allison,1995,Dutton Books,,,,,,,,,,,,,,,
B0001FZGPI,9780399146435,The Bonesetter's Daughter,Amy Tan,2001,Putnam Pub Group,,,,,,,,,,,,,,,
B0001GMSVW,9780399149245,Tricky Business,Dave Barry,2002,Putnam Pub Group,,,,,,,,,,,,,,,
B000051XGM,9780486419204,Off on a Comet,Jules Verne,1877,Amazon Press,,,,,,,,,,,,,,,
B000051ZUT,9780671559514,The Trellisane Confrontation,David Dvorkin,1984,Pocket Books,,,,,,,,,,,,,,,
B0000523SS,9780671552584,The Covenant of the Crown,Howard Weinstein,1981,Pocket Books,,,,,,,,,,,,,,,
B00005B4LM,9780345335168,Downward to the Earth,Robert Silverberg,1970,Fictionwise.com,,,,,,,,,,,,,,,
B00005U7YK,9781841120511,The New Gurus -- From Sun-Tzu And Jesus To Machiavelli And Winnie The Pooh,Stuart Crainer,2000,BrownHerron,,,,,,,,,,,,,,,
B0000633PU,9780486217848,The Story of Aladdin and the Wonderful Lamp,S. Lane Poole,1923,Renaissance eBooks,,,,,,,,,,,,,,,
B000063VMD,9780575071130,Dying Inside,Robert Silverberg,1972,"iBooks, Inc.",,,,,,,,,,,,,,,
B00006JO6O,9780399146251,The Last Precinct,Patricia Daniels Cornwell,2000,Putnam Pub Group,,,,,,,,,,,,,,,
B000078UH8,9780451203940,The Hearing,John T. Lescroart,2002,E P Dutton,,,,,,,,,,,,,,,
B00007FYKO,9780345350802,Bloodcurdling Tales of Horror and the Macabre: The Best of H. P. Lovecraft,H. P. Lovecraft,1982,Ballantine,,,,,,,,,,,,,,,
B00008NRHQ,9780061057790,"Mystic Rose, The",Stephen R. Lawhead,2001,Zondervan,,,,,,,,,,,,,,,
B00008R0WT,9780553801941,Keeping Watch,Laurie R. King,2003,Bantam,,,,,,,,,,,,,,,
B00008WFXL,9780385504201,The Da Vinci Code,Dan Brown,2003,Doubleday,,,,,,,,,,,,,,,
B00009MBYK,9781591840019,99 Cows,Seth Godin,2003,"Do You Zoom, Inc.",,,,,,,,,,,,,,,
B0000T6KIM,9780312252618,Faking It,Jennifer Crusie,2002,St. Martin's Press,,,,,,,,,,,,,,,
B00011SOXI,9780743222005,The Stone Monkey : A Lincoln Rhyme Novel,Jeffery Deaver,2002,Simon &amp; Schuster,,,,,,,,,,,,,,,
B00013AFZQ,9780060501393,Pu-239 and Other Russian Fantasies: A Novella and Stories,Ken Kalfus,1999,Milkweed Editions,,,,,,,,,,,,,,,
B00013AX6W,9780670030106,After the Plague: And Other Stories,T. Coraghessan Boyle,2001,Viking Press,,,,,,,,,,,,,,,
B00019U4II,9780007111503,"Big Four, The",Agatha Christie,1927,PerfectBound,,,,,,,,,,,,,,,
B0001I1KOG,9780684863453,New York Public Library Literature Companion,New York Public Library,2001,Free Press,,,,,,,,,,,,,,,
B000234N3A,9780385498807,Fraud,David Rakoff,2001,Doubleday,,,,,,,,,,,,,,,
B00001U0CP,9780399142857,Unnatural Exposure,Patricia Cornwell,1997,Putnam Pub Group,,,,,,,,,,,,,,,
B00005BBW4,9780141439662,Sense and Sensibility,Jane Austen,1811,Random House,,,,,,,,,,,,,,,
B00005LD7A,9780316690140,"Believing It All: What My Children Taught Me about Trout Fishing, Jelly Toast and Life",Marc Parent,2001,"Little, Brown",,,,,,,,,,,,,,,
B00006CRTE,9780688103500,"Devil Knows You're Dead, The: A Matthew Scudder Crime Novel",Lawrence Block,1993,PerfectBound,,,,,,,,,,,,,,,
B00006H3BO,9780451524939,1984,George Orwell,1949,"RosettaBooks, LLC",,,,,,,,,,,,,,,
B00007MF56,9780743226003,"More, Now, Again: A Memoir of Addiction",Elizabeth Wurtzel,2002,Simon &amp; Schuster,,,,,,,,,,,,,,,
B00009ZWDN,9780385721790,Atonement,Ian McEwan,2001,Knopf,,,,,,,,,,,,,,,
B0000AA9JB,9780316154079,A Darkness More Than Night,Michael Connelly,2001,Little Brown &amp; Company,,,,,,,,,,,,,,,
B0000C7BNG,9780399147395,Isle of Dogs,Patricia Daniels Cornwell,2001,Putnam Pub Group,,,,,,,,,,,,,,,
B0000C7GF8,9780374158593,Family,Ian Frazier,1994,Picador USA,,,,,,,,,,,,,,,
B00014WRH4,9780525946281,Hornet Flight: A Novel,Ken Follett,2002,NAL,,,,,,,,,,,,,,,
B00016560M,9780743238532,Without Pity: Ann Rule's Most Dangerous Killers,Ann Rule,2003,Pocket Books,,,,,,,,,,,,,,,
B0002JV9PY,9780486440932,The Blockade Runners,Jules Verne,1871,Digireads.com,,,,,,,,,,,,,,,
3518365479<90,9783518376478,"Suhrkamp TaschenbÃ?Â¼cher, Nr.47, Frost",Thomas Bernhard,1963,Suhrkamp,,,,,,,,,,,,,,,
B000051WXP,9780141439587,Emma,Jane Austen,1815,Random House,,,,,,,,,,,,,,,
B0000523SU,9780671741544,Ghost Ship,Diane Carey,1993,Pocket Books,,,,,,,,,,,,,,,
B00005BJZ7,9780821766633,Fierce Eden,Jennifer Blake,2000,e-reads.com,,,,,,,,,,,,,,,
B00005V7MF,9780330490726,The Company: The Story of a Murderer,Arabella Edge,2000,Simon &amp; Schuster,,,,,,,,,,,,,,,
B00006RGIO,9780425180255,American Fuji,Sara Backer,2001,Putnam Pub Group,,,,,,,,,,,,,,,
B00007FYKW,9780316729536,Dead Air,Iain Banks,2002,"Little, Brown and Company (UK)",,,,,,,,,,,,,,,
B0000D9PEZ,9780425129605,"Body in the Library, The: A Miss Marple Mystery",Agatha Christie,1942,PerfectBound,,,,,,,,,,,,,,,
B00013AX9E,9780870706844,Modern Contemporary: Aspects of Art at MoMA Since 1980,P Ed Varnedoe/Antonelli Kick,2000,Museum of Modern Arts,,,,,,,,,,,,,,,
B0001FZGBC,9780743418200,In Her Shoes : A Novel,Jennifer Weiner,2002,Atria Books,,,,,,,,,,,,,,,
0385722206  0,9780375413097,Balzac and the Little Chinese Seamstress : A Novel,DAI SIJIE,2001,Anchor,,,,,,,,,,,,,,,
3442248027  3,9780553380965,Diamond Age. Die Grenzwelt.,Neal Stephenson,1995,Goldmann,,,,,,,,,,,,,,,
B00005UMI4,9780842332262,Desecration:  Left Behind #9,Tim LaHaye,2001,Left Behind,,,,,,,,,,,,,,,
B0000C2W5U,9780789307912,Femme Fatale: Famous Beauties Then and Now,Serge Normant,2001,Viking Press,,,,,,,,,,,,,,,
B00013AWZY,9780316735025,"Evidence Against Her, The",Robb Forman Dew,2001,Little Brown &amp; Company,,,,,,,,,,,,,,,
B00017IWGQ,9780345452476,Time's Eye,Arthur C. Clarke,2004,Ballantine,,,,,,,,,,,,,,,
B0001PBXMS,9781400030471,"Love, etc.",Julian Barnes,2000,Knopf,,,,,,,,,,,,,,,
B0001PIOX4,9781451673319,Fahrenheit 451,Ray Bradbury,1953,Simon &amp; Schuster,,,,,,,,,,,,,,,
B00029DGGO,9780142002971,"Good Wife Strikes Back, The",Elizabeth Buchan,2002,Viking Adult,,,,,,,,,,,,,,,
B00005Q8R2,9780671047530,Hell's Kitchen,Jeffery Deaver,2001,Pocket Books,,,,,,,,,,,,,,,
B000092Q0A,9780938497257,The Community of the Ark: A Visit to the Utopian Communities of Lanza del Vasto and His Disciples of Gandhi,Mark Shepard,1992,Shepard Publications,,,,,,,,,,,,,,,
B0000AFX9D,9780060837508,"Thorn Birds, The",Colleen McCullough,1977,PerfectBound,,,,,,,,,,,,,,,
B0000C2W66,9780671024135,Speaking In Tongues : A Novel,Jeffery Deaver,2000,Simon &amp; Schuster,,,,,,,,,,,,,,,
B0001GMSV2,9780446530085,Find Me,Rosie O'Donnell,2002,Warner Books,,,,,,,,,,,,,,,
B0000640CT,9780345324247,For Love of Mother Not,Alan Dean Foster,1983,Ballantine,,,,,,,,,,,,,,,
B00006I4K5,9780425174407,Brain,Robin Cook,1979,Signet,,,,,,,,,,,,,,,
B00009NDBF,9780525945635,Help Yourself: Celebrating the Rewards of Resilience and Gratitude,David J. Pelzer,2000,E P Dutton,,,,,,,,,,,,,,,
B0000AA9JU,9780060509184,Aftermath: A Novel of Suspense,Peter Robinson,2002,William Morrow,,,,,,,,,,,,,,,
B0000AZW79,9780312182724,O Is for Outlaw,Sue Grafton,1999,"Henry Holt &amp; Company, Inc.",,,,,,,,,,,,,,,
B0000DAPP1,9780060937901,Discover Your Genius: How to Think Like History's Ten Most Revolutionary Minds,Michael J. Gelb,2002,HarperCollins,,,,,,,,,,,,,,,
B0000T6KHI,9780515135060,Three Fates,Nora Roberts,2002,Putnam Pub Group,,,,,,,,,,,,,,,
B0000VZEH8,9780451202349,Back Roads,Tawni O'Dell,2000,Viking Press,,,,,,,,,,,,,,,
B0001GDNCK,9780743479003,The Taming,Jude Deveraux,1989,Pocket Books,,,,,,,,,,,,,,,
B000234N76,9780452283200,Falling Angels,Tracy Chevalier,2001,E P Dutton,,,,,,,,,,,,,,,
B000234NC6,9780375412809,It Must've Been Something I Ate: The Return of the Man Who Ate Everything,Jeffrey Steingarten,2002,Knopf,,,,,,,,,,,,,,,
486404242,9780486272687,War in Kind: And Other Poems (Dover Thrift Editions),Stephen Crane,1923,Dover Publications,,,,,,,,,,,,,,,
B00001IVC7,9780670868365,Desperation,Stephen King,1996,Viking Press,,,,,,,,,,,,,,,
B000051X7T,9780486275015,The Oval Portrait,Edgar Allan Poe,1850,Amazon Press,,,,,,,,,,,,,,,
B0000523SW,9780671036862,"The Children of Hamlin (Star Trek: The Next Generation, Book 3) [DOWNLOAD: MICROSOFT READER]",Carmen Carter,1999,Pocket Books,,,,,,,,,,,,,,,
B000069F44,9780345294366,The Lady in the Lake,Lin Carter,1943,Knopf,,,,,,,,,,,,,,,
B00007CWGV,9780312272647,Madonna,Andrew Morton,2001,St. Martin's Press,,,,,,,,,,,,,,,
B0001I1JII,9780140183986,Kim,Rudyard Kipling,1901,Modern Library,,,,,,,,,,,,,,,
B00004THMF,9780671867169,My Gal Sunday : Henry and Sunday Stories,Mary Higgins Clark,1996,Simon &amp; Schuster,,,,,,,,,,,,,,,
B00005TZWI,�9780671426637,Sandkings,George R. R. Martin,1981,Fictionwise.com,,,,,,,,,,,,,,,
B00006391H,9780373218571,Southern Nights (Florida),Janet Dailey,1982,e-reads.com,,,,,,,,,,,,,,,
B00008RWPV,9780425183157,McNally's Chance,Lawrence Sanders,2001,Putnam Pub Group,,,,,,,,,,,,,,,
B00009ANY9,9780446527320,Cane River,Lalita Tademy,2001,Warner Books,,,,,,,,,,,,,,,
B0000C7BMU,9780670854788,High Water: A Novel,Lynn Hightower,1996,VHPS Virginia,,,,,,,,,,,,,,,
B00016560C,9780743448673,Without Pity: Ann Rule's Most Dangerous Killers,Ann Rule,2003,Pocket Books,,,,,,,,,,,,,,,
B000199D26,9780486291169,The Wonderful Wizard of Oz,L. Frank Baum,1900,NuVision Publications,,,,,,,,,,,,,,,
B00005UMK6,9780380810437,Best a Man Can Get,John O'Farrell,2000,Doubleday,,,,,,,,,,,,,,,
B00008JYQC,9780743226349,Dirt Music: A Novel,Tim Winton,2002,Scribner,,,,,,,,,,,,,,,
B00009APKU,9780553213113,Moby Dick,Herman Melville,1851,"Outrigger Publishing, LLC",,,,,,,,,,,,,,,
B0001FZGRQ,9780553250422,The Clan of the Cave Bear,Jean M. Auel,1980,Crown Publishing Group,,,,,,,,,,,,,,,
B0001FZGTO,9780375506096,I'll Let You Go: A Novel,Bruce Wagner,2001,Villard,,,,,,,,,,,,,,,
B0002K6K8O,9781420947614,The Underground City,Jules Verne,1877,Digireads.com,,,,,,,,,,,,,,,
